<?xml version="1.0" encoding="UTF-8"?>
<project-private xmlns="http://www.netbeans.org/ns/project-private/1">
    <editor-bookmarks xmlns="http://www.netbeans.org/ns/editor-bookmarks/2" lastBookmarkId="0"/>
    <open-files xmlns="http://www.netbeans.org/ns/projectui-open-files/2">
        <group>
            <file>file:/W:/pbo/Materi%20week%203/src/materi/week/pkg3/Tanaman.java</file>
            <file>file:/W:/pbo/Materi%20week%203/src/materi/week/pkg3/MateriWeek3.java</file>
            <file>file:/W:/pbo/Materi%20week%203/src/materi/week/pkg3/Hewan.java</file>
            <file>file:/W:/pbo/Materi%20week%203/src/materi/week/pkg3/Bibit.java</file>
        </group>
    </open-files>
</project-private>
